sample,label,pakt_1,pakt_2,pakt_3,akt_1,akt_2,akt_3,ha_1,ha_2,ha_3,actin_1,actin_2,actin_3,pten_1,pten_2
1,none,5283109,1165515,14634405,1952820,3000380,6888042,4628430,2179437,578048,32770214,26849550,53893350,2295590,1716547
2,WT,425055,942942,10041661,1257390,3130022,6831531,83273670,52669502,59158464,28543056,29696199,47887434,19427850,16609469
3,C124S,31856808,31834968,49719954,1431900,2391407,4397841,76531545,50153045,53237312,34321525,29179410,55912248,17546729,12468387
4,L345Q,6476101,3766191,22323407,1171980,2065047,3260250,34574085,20048344,6812224,30107783,27060969,75128634,7782046,4231569
5,D252G,1520480,1241175,21338492,1251000,1943523,4768218,29261880,19071847,5842368,26548200,21700497,60335415,6562624,4872891
6,R130P,25709313,19069791,38593532,1356390,1402323,3967929,71372025,49239852,42022912,32595290,20917104,50092560,16104226,12884373
7,D92H,25479650,20575581,17766955,1193625,2616661,5105709,84209400,58918066,43055616,30556488,23160501,60165567,15894265,13494699
8,D24G,8037259,5145855,16751037,1488420,3552240,4623003,65106135,41339398,14885888,32099027,22748037,63850878,10899030,8594543
9,R159S,11429701,4638036,27393193,1049535,2590831,3673782,80468190,61629068,38051648,32664348,21105708,58892337,15125556,12961289
10,Y46D,3794578,5946057,40157356,1082925,1611956,2443959,64082610,46705355,28017344,26593866,17969133,44670969,12839683,12850589
11,Y16S,9049393,5611437,29680750,1184895,1729421,3070935,71668845,56783483,47888448,28175793,19521684,59158827,12410085,15911977
12,T160P,1054317,7336407,23362029,1429650,2108384,3577833,62331795,49514593,34307392,23431431,21265374,66905685,9994816,11852444