A,C,D,E,F,G,H,I,K,L,M,N,P,Q,R,S,T,V,W,Y
0.900070097650415,1.25660782346466,1.21916509926834,1.1965300185469,1.10673272346853,1.01519705615432,1.04534414075254,0.764922779275509,1.29571290875959,0.890884976324368,1.0172303616521,1.34669192781141,1.24588395747236,1.10624649860817,1.04923158785396,0.999475195853444,1.17308002567346,1,1.09050039881056,1.09050039881056
1.00189488505284,0.75199201088604,1.01533607694702,1.05856593553761,1.06248902439021,0.954603528353363,1.22264894303896,1.01821851643753,0.963868822601138,1.10260476614232,1.03587593345107,0.925784015555954,0.919851679000842,1.11408324556198,1,0.981330555606448,1.23773235437171,1.00195459101416,1.08642654113395,0.851460113857267
1.00176856151349,1.08330302641697,1.09796204799733,0.838340844617741,1.1349643103223,0.909970410473488,1.09202882033098,1.16023834011451,0.939719565898251,1.05875719903409,1.16370882053214,0.828723359791888,0.894403248852188,1.02463862828349,1,0.999651087121994,1.03519691294938,1.01035106954505,1.10756375525869,1.11148255661585
0.967589197228164,0.945232059437739,0.666307751048037,0.971256095623054,0.993391948150418,0.938447980929493,0.82439049079278,0.941841707990187,0.804762170920263,0.992747566921992,0.737096834753191,1.07750355772477,1.05435370432897,1,0.869097195351362,0.852889026881895,0.859147094654738,1.01231085133303,0.681687356769307,0.605420561182315
0.872062633857464,0.715961758519037,1.04134664291158,0.967097931940808,0.832242801270127,1,0.932103450407392,0.982821605277296,0.892638901556346,0.860341758071985,0.842548130690379,0.993596149839788,0.879276690671217,0.993131028106469,0.712903760836873,0.859749478600516,1.01446530093463,0.746175986355505,0.892638901556346,0.821675119723161
0.745484042101575,0.591105643481506,0.830802814080376,0.757263640420982,0.557662897682906,0.874756904284346,1.18470731767825,0.234213830444249,0.940817407692497,0.328574839572504,0.41156988394686,0.79285600155924,1,0.816578194589368,0.700893600363977,0.740140318964997,0.841564643658619,0.286123750952694,0.409002260392904,0.555636513685434
0.330470173122896,0.517788606134477,0.311541111673793,0.525054315666559,0.323474458522634,0.60192942039261,0.857099981637267,0.529872961714614,0.795841853631358,0.285241544476898,0.529872961714614,1,0.287295708272957,0.682698676853802,0.972481434874152,0.554187170522497,0.638599460501703,0.24526812106441,0.238812999117756,0.369928274397275
1.03945898186697,0.976523417566763,1.11110705519479,0.961815570497236,0.816225964768015,1.09774712358439,0.961815570497236,0.899047647304252,1.00204747667045,0.675903410748724,0.875966985868319,1.05937467941383,1.12765292138255,1.16979730260748,1.01747467656417,1.06486478948702,0.769700919694404,1,0.669915400062375,0.939871516165739
0.910408568719759,0.912530288377194,1.04530348649167,0.750557875426934,0.882712685527837,0.835403695337712,1.13758696903373,0.735215972826596,0.815867623928298,0.882490857834258,0.996025236080001,1,0.791278918783708,1.10302617393472,1.08052531207681,0.935817888594334,0.894051500213334,0.745137155539099,0.770860547467539,1.02580501135036
0.788240189256306,0.995602794573266,0.521370229502006,0.608011753932621,0.725291632353343,0.769808922617465,0.776884569447806,0.990052575180994,0.918522155601769,0.983865280542916,0.702186038594139,0.62287025718731,0.371043303926951,0.840913177026037,0.703961498897581,0.836574416903092,0.52851641114622,1,0.590644387743052,0.633767507217835
0.434570588853686,0.534034382644433,0.234913538998994,0.287258578733738,0.478115151603424,0.414333750097575,1,0.75615490080741,0.135623261992128,0.752863109247233,0.506449019599533,0.304082468898053,0.379620052288267,0.351871755229014,0.264583497654027,0.487630447411677,0.359088997373059,0.467189692815374,0.472018274672645,0.941901563148214
0.756704503042615,0.686202104000726,0.840544944698742,1.02028035433684,0.670784809624523,0.966909910764675,0.844148239106391,0.828431584550035,1,0.873041458042512,0.919128908888178,0.844148239106391,0.984162402951582,0.91845881442938,0.889369221269981,0.702721086717628,0.717651838705001,0.623200157225514,0.563854347869011,1.23322185679809
0.161029255149067,0.448582533173436,0.142246614338369,0.374960708744605,0.37958826983509,0.191585730120394,0.29188939776697,1,0.195557723202848,0.79175093150637,0.505695191818352,0.485903143895157,0.195667262671809,0.13610339519943,0.174309434057476,0.286490694947827,0.279732880593732,0.797305377214484,0.44156373301214,0.311803119454242
1,0.662899440777201,0.829160126197519,0.626386554785004,0.798963136403394,0.938544514560828,0.823002002246097,0.724718158443926,1.02689767970312,0.596710293972405,0.782684776407318,0.807024152862332,0.7962671167197,0.778055008801341,0.815031335758823,0.671199895724753,1.03649088799391,0.869236749989474,0.597027760317346,0.798963136403394
0.62728781392729,0.684068572508117,0.896434597039136,1,0.44415300854395,0.84938034613012,0.60614395327886,0.673825066712451,0.571448859716072,0.521396443413827,0.723695951943315,0.651061939455658,0.51415700713322,0.679381029134015,0.567063965779053,0.507975095494274,0.696357739187066,0.679544719088199,0.651061939455658,0.476800741172872
1,0.694074744171274,1.03917562092933,0.947625023835541,0.80988939431208,1.04717055388814,1.09911158290927,0.904281021969729,0.904281021969729,0.936855847596195,0.886033075043636,0.864374530713465,0.702871357329521,0.929312820900899,0.817621030166296,1.04663374646928,0.831267908706372,0.864337464742595,0.923480554314771,0.837223139426467
0.969108804517938,0.84005492968129,0.76314485805021,0.986597961617448,0.686482036253974,0.67669847595439,0.859539845294994,0.499935700928429,1,1.0500864580237,0.865883022946661,0.998588603052672,0.844399134966864,0.848317889698233,0.809466744352414,0.871348847142805,0.832851613822892,0.966173569892962,0.823051429306021,0.999066980395992
0.932414855710151,0.857479698425426,0.493111084552812,1,0.80025533557999,0.908534509670208,0.985132357693683,0.857479698425426,0.998900889078742,0.726004489146262,0.963884530768359,0.886953854273408,0.768300628774193,1.11212070560808,0.637122164862399,0.69753334449137,1.00767794321784,0.744136837273186,0.752168954936485,1.0203820860205
0.912619846860163,1.03013711051796,1.05717110523043,1.02236265192017,0.707456537451721,1.05107604790735,0.834087445395429,0.965799782526935,1.02133283698092,1.18512777059971,0.844824523556303,0.990328418888443,1,0.819102793276902,0.828933224682633,0.947532199222814,0.947049655157486,0.858644726656301,0.73663030478201,1.0586405228502
0.539622309101757,0.733884593642347,0.86121016755198,1,0.49093434932488,0.505493463768611,0.733884593642347,0.789310156238698,0.80973381922875,1.0143391077971,0.974746879183413,1.0812370283888,0.201520445840885,0.818932929083683,0.665056636571341,0.704663660978899,0.888946931760488,0.808646180314986,0.423960257700085,0.631568362727886
0.696987674835823,0.75427213320352,1,0.671328998389888,0.671328998389888,0.497481158447958,0.757955968293869,0.228140438767331,1.16617746056028,0.432498474744219,0.857834427902171,1.03324949240948,0.247507792671056,0.826875750859245,0.755199907277015,0.733343486653565,0.956901547023229,0.311254934457372,0.431721192870117,0.396520130041725
0.226414653481822,0.16272586845901,0.363480977289235,0.181419708596501,0.54485690623844,0.23865640446721,0.255728638768727,0.347789120562052,0.275442806389838,0.110483982635716,0.0762270544404482,0.233722743305319,0.142903043567077,0.285533392539871,1,0.277567297733081,0.239635148568946,0.207214152907678,0.236438932921169,0.248193482568209
0.272732309837439,0.495273837871941,0.0508278065927835,0.320824355324333,0.329411888566316,0.244813362941643,0.365348658477514,0.830243039271422,0.31183969757465,1,0.85095013862303,0.132533317204849,0.201367536244877,0.388072069737369,0.1629456072573,0.250203453144023,0.386369125903504,0.444418201349992,0.103223816913493,0.256868607369749
0.697175743571328,0.796267429207428,0.262311187019341,0.474255273961548,0.351485865386651,0.264860505232301,0.797988278941574,0.980892162737193,0.796347336945871,1,0.945433783904545,0.594882776515485,0.155084405759863,0.749726922433058,0.930942692056137,0.432172762152045,0.776144410051343,0.963649895873002,0.650261323823824,0.38534372090395
0.822832708271348,0.822862347270927,1,1.04919605444233,0.764873258695543,0.756016670471064,0.677611872998539,0.869087350210368,0.8025223113769,0.968529688707607,0.926327718934338,1.17733949821689,0.954061049910414,0.869087350210368,0.761498554495698,1.04887070200264,0.760180096955614,0.945003774684348,0.556308066011248,0.849537930341169
0.961674369455702,0.97137317183435,0.686353320510813,0.985617858300316,1.08926502851095,0.910159556946936,1.14421429307142,0.875641688935319,0.833694013857935,0.977153987289506,0.945244990590996,1,1.18916500060333,1.03879489500612,0.90354765679054,1.11508360340847,1.03031238207325,0.66656685047934,0.961674369455702,0.947950351993047
0.237869984804479,0.473360081172172,0.218727987724974,0.216129980286348,1,0.202632092386331,0.254617226889052,0.790289367441051,0.212688414616596,0.811907040074463,0.881141274981352,0.137833504348557,0.543206288968278,0.320975059037735,0.28613093267639,0.253513767881956,0.251003846586846,0.397524292787117,0.550034885665544,0.195864440767823
0.486446099039924,0.713933142637172,0.235949099163322,0.254957252625282,0.139522360921859,0.234955283776459,0.510117326652748,0.970658521484685,0.266140175237284,0.637705633446106,0.395070814829701,0.180904989880688,0.148945724915575,0.185377695572528,0.311541198485702,0.301449785279766,0.406561712193996,1,0.408050216579919,0.372717298875656
0.310794721187962,-0.0413930036482803,0.219881954028694,0.42274933268039,0.166700553786603,1,0.304490859728961,0.305350244538113,0.412450444150239,0.160465510554375,0.372042388032643,0.205996905701755,0.320566903389312,0.205268123090219,0.447419275390716,0.327251367956652,0.203852256847466,0.152857615751892,0.288580881682545,0.304490859728961
0.294654270500561,0.439751767951059,0.260194765710889,0.372648022010004,0.723489033133307,0.347347515670477,0.288106800197257,1,0.193244521258147,0.869706454861473,0.716596769027848,0.464987016915325,0.316567182943861,0.350980040753243,0.195659653620994,0.304062231391498,0.464987016915325,0.938480713127588,0.40925478324531,0.349021779072327
1.06799652243154,0.918035592756945,1.08566497417883,1.1911258075924,0.951199388292352,0.976003824354798,0.990489384444475,0.962395059990534,1,0.906889270628158,0.958239750630977,1.0455679020592,1.10082783561939,0.879043024813954,0.947654623554246,1.00612622497647,1.07046918637603,0.945134869232799,0.606972659652478,0.638065298225104
1.04137361509201,0.881880541106001,0.96737758326557,1.02705568592964,0.826767305744085,0.958390429464235,1.02365042353708,0.733145867008999,1,0.834064826856948,0.734909865341312,0.930074998756678,1.03092376385463,0.877147378802502,0.971730566339948,0.945079689903137,0.872400996515102,0.813248174132887,0.857048538761039,0.838253554019493
0.612575346038503,0.606812966006307,1,1.05657516564601,0.485121278997177,0.66189323169283,0.839434879532811,0.872510535679695,0.328798095613444,0.99779390058436,0.752049489435708,0.485937486757341,0.541906672846096,0.717340086480997,0.530903163541804,0.720481420766712,0.849402167914471,0.851824161581451,0.799950050310811,1.01228595222611
0.692577707435374,0.517850680835053,0.585125059128305,0.771220926888582,0.304969956091244,0.275459221118991,0.59980427389905,0.59980427389905,1,0.544087015325417,0.517019532937005,0.654615418691734,0.633068864738166,0.488809856679341,0.788443713116339,0.685067087711879,0.788540824159343,0.628595217883271,0.348138400933831,0.572887446509017
0.749822586631819,0.61508862726247,0.290039255056328,0.250125890335192,1,0.458727269053329,0.54530884245578,0.560664521745285,0.344473531984545,0.692695301262643,1.02506196275135,0.560664521745285,0.174890759864677,0.528869669926955,0.547864214385946,0.599927004585916,0.583925791013743,0.362282813679213,0.458353367567629,0.864504503597603
1.15250378221739,1.04138620875473,1.00019565837093,0.964360125458972,1.11904318593972,0.975506752772919,1.00052007751799,1.06091169066602,1.01803331813392,1.04018175430124,1.12047683668579,1.10700305169516,1,0.989507589770476,1.03349988708231,0.91170042066474,1.01084376596406,1.00280530103944,0.893581509648227,1.01799524142411
1.09316149742783,0.947190836040842,1.20755648791413,0.956259399098116,0.965334854788736,1,0.587098011812296,0.901218007632675,0.915415278064992,1.03193565719456,1.05819094522286,1.00228260811079,1.09368136651565,0.988212254550909,0.92143477810261,1.03367740453702,1.04485673003604,0.868970747588514,0.783525301063473,1.36424292531614
1.09317444219205,0.967723674926774,1.03917433617328,1.06102741145843,0.98224336130593,1.06685243232667,1.03889071026244,0.985683403617195,0.992316713921308,0.971476674296908,1.13359736170971,1.00333145015555,1.05827137318457,0.985683403617195,0.882801007533392,1,0.966188963622856,0.829826525893193,0.679895134176456,0.975509691969997
1.07948650296283,1.00806199011262,0.955731318148629,1.00521768741007,0.916896146059451,1.03380242952654,1.12058080555774,1.02161868260843,1.01035069458268,1,1.11258251017093,0.765199577371432,1.02175718544895,1.0473276244588,1.00106312957558,0.910171657509346,0.878595693645937,0.90894159610094,0.652845555737104,0.951875792746801
1.09844434249159,0.925501465393931,1,0.987669441821709,0.97498448892964,0.696380779483256,0.945395228329989,0.977948797541961,0.790976800341367,1.00663867319052,0.0789520632622943,0.866921624453973,1.17925698599543,0.889115605678944,1.01702585876912,0.899891990445048,0.921481533411978,1.02020241358992,0.912929009044075,1.06886307870675
0.972700321839176,0.935460442259191,0.838387422449518,0.99147796929897,0.641080373649821,0.982698087449413,1.16377407130347,0.890555271104377,0.949340364771476,0.957680722069727,0.830760104402273,0.821025049941719,1.04005904001625,1.21717304676533,1.14419259606814,1,1.0131526486488,0.70000692931622,0.986477371471274,0.910805462604378
1.08209456130342,0.578005890864771,0.952000757288384,0.827638939695253,1.22607097646759,0.783846486862469,1.08252481456278,1.09277303061821,0.804857813641961,1,1.06286117835414,0.896283935280431,0.36352850388501,1.09445095790618,0.924098778406593,1.04651896965031,0.98977978407506,0.698672683696224,0.827300907467684,1.07920634400726
0.930261839737494,1.02342530329622,0.694418712357579,1.0025510121181,0.546620256045494,0.752602973561986,0.726686710409056,0.801152746111444,0.77133849057546,0.77511186304359,1.04511433023199,0.704923664995903,0.736933730127167,0.982988623621664,0.683947315096762,0.895166130244575,1,0.957067676904651,0.673927776611717,0.699102580450445
0.945435309809016,0.882266735604244,0.785761185168065,1.21814765152752,0.922865276717333,0.857808182270625,1.17416346617902,0.934195645941973,0.934195645941973,1.0462725826897,0.733865796569853,0.848709475313632,1.01852181501755,1.17433217464152,1.06305567676203,0.647125827597367,1,0.807875883407527,0.611695678627515,1.07761890905298
0.545224592051266,0.40678597332606,0.51029924360406,0.544183322878483,0.317931817872648,0.476828060722531,0.343467549607601,0.527148926102808,1,0.738000968788769,0.573828326776965,0.577468827296872,0.43935983657459,0.734685862259548,0.773571880211082,0.445009876153286,0.538849156796087,0.604366173338721,0.450892682131805,0.331750878645527
0.278115552111755,0.357691854385506,0.0888875283712691,0.331483529190795,0.368300408720606,0.205363786654586,0.1466064388985,0.571016286203943,0.210573433470628,1,0.577979412840664,0.234080519116625,0.221170426429382,0.257408373866984,0.213995525247162,0.254833721778514,0.369372028823788,0.588501162803621,0.427399076641084,0.451058022154702
0.287800349080956,0.222626636529995,1,0.593958229920226,0.205023322324778,0.216920860154251,0.254405204963364,0.114956510394107,0.249931838944546,0.197886369782443,0.170054193199691,0.325014186433513,0.268050590960674,0.136994343754387,0.3132344392939,0.182636219414142,0.293744429448602,0.251649727518187,0.215557397345467,0.192677491736347
0.852114043121955,0.665740172622328,0.817327236334726,0.789521445550885,0.659391753053255,0.830457797751943,0.665740172622328,0.640238657269946,0.560848156159162,0.62896112424654,0.666381006109975,1,0.444905796869407,0.608077551342845,0.552210550104408,0.804644713051931,0.503798919164017,0.526730633670321,0.414876114426785,0.682837608973801
0.354214669630295,0.381006492462511,0.40421361063205,0.28575155780509,1,0.240549139762173,0.12513415494235,0.486504939062624,0.370893161918399,0.583602899381163,0.48532069399104,0.247895428445597,0.255959597041907,0.280936567901826,0.225123977342929,0.303687461720344,0.336032579440392,0.476275101315737,0.29468143337564,0.704597008172279
0.398974061141551,0.797389021331596,0.32227343654538,0.328868293232718,0.153806450771132,0.248584512088266,0.208255462588704,0.425782900527357,0.388715901267752,0.923834906711502,0.425782900527357,0.43682773691906,0.466192272593727,0.325594324051776,0.313573162501748,0.364372467804627,0.532715921101891,1,0.212320574596764,0.241793704244227
0.865791189874379,0.966788468772144,0.744859362683536,1.02006802390426,0.981473349964047,1.09638952508801,1.1232367277488,1.12173356284622,0.865584719286227,0.804585032547755,1.16225151689584,0.900468262135511,0.785266817568776,1.16800793979141,0.624872490538324,0.981911168876818,1.10423198504781,1,1.05146076310087,0.966788468772144
0.785304078412249,0.559875570229739,0.634018697301054,1,0.914434590822272,1.08647806327308,0.914854515477263,0.929205584064151,1.12785134106024,0.73315604525009,0.920066118209384,0.918876100436532,0.967161912317564,1.0342215795491,1.02645041502958,0.892140729952537,1.00517151856027,0.940999002136899,0.683634483014997,0.774411348640082
1,1.02494549092215,1.02812937554871,1.03576950805271,1.01377026934215,0.970779056374548,1.08866036227613,0.970369910842785,0.727549250289562,0.979947372489945,1.00531316491092,0.877417535009405,0.934765422358807,0.941972357967162,0.942551522999152,1.06793341061676,1.03575238103836,1.00528707086389,0.942433435048892,1.1333063672464
0.794658371721056,0.613387254202497,1.06503583159593,1,0.766660470126389,0.491248409211211,0.598388619641335,0.816231211506276,0.753930714232793,0.8364350513054,0.939800732515728,0.769118324682996,0.767204967332477,0.957368865284916,0.665736108077995,0.974214073232443,0.933103042321176,0.936242685487673,0.716429531061239,0.939780796301557
0.732390138069455,0.791342145468735,1,0.965501972646244,0.683705887919693,0.614365391632601,0.658770645519452,0.755111650211578,0.763631796650017,0.632371847018036,0.642366973757872,0.628531344932312,0.93035370438026,0.78056317971982,0.575949871580316,0.837872929000984,0.627909390472964,0.59599788204512,0.673708812856183,0.732280997377567
0.60113521446213,0.590116612031474,0.901990524874229,0.583082416288189,0.683185028280627,0.583065356177794,0.814645115694912,0.594658811379777,0.743772521000256,0.544634416144926,0.47991620803934,0.549942560590348,0.540093101707346,0.711269621486952,0.556288327761732,0.58185464984019,0.688664521249749,0.660393785146339,0.799166910770476,1
0.860103081912653,0.853189679138407,0.836149768522311,0.917816934386106,0.84907685815265,0.73630096534977,1.07637629344907,0.826477236703551,0.727012789250118,0.758933429566951,0.767279089001528,1.04302372737223,0.71786264371679,0.916839546112281,1,0.847922940389584,0.877256748388283,0.787205976720637,0.799683662014306,0.824329391356472
0.893910416786143,0.706878056437781,1,0.892672157464688,0.624433398969595,0.832327612513793,0.666621322420352,0.75323395402901,0.762361284137289,0.710614375710824,0.614913548440182,1.10580870269199,0.446761255203821,0.884924249081233,0.652825730015426,0.876345183868176,0.787227791397091,0.777328620063787,0.653554980548748,0.604483042965852
0.617659307987012,0.683260324511933,0.878046003295755,0.941657224320958,0.48693396354951,0.683264006466878,0.47552318988502,0.476404070481627,0.54601322251352,0.524326249454838,0.559270737496029,0.70534349197388,0.73113780969571,0.521166193590973,0.474034430080898,1,0.991756344601847,0.578424221608568,0.492441557953482,0.584623822644228
1.10806832913294,0.656472155569318,1,1.05596232713964,0.852118156222469,0.893488483358809,0.946341287666562,1.14098290691412,1.09396415068183,0.872926529570048,0.766654575620946,0.890017556979368,0.682241082111682,0.946341287666562,0.970228120862311,1.02091986354181,0.907573197097729,0.948662122059025,0.976256335931877,1.19760728520419
1.05458430487541,0.943394381443336,0.843809644845372,0.580911607915167,1.01010684719145,0.965984311526423,1,0.928326309852194,1.02255874739563,1.01445982626406,0.823766377706428,0.969107442118644,0.926487724646676,0.828094939806532,0.941967791943903,1.04709156341283,1.08680082167802,1.0135622673681,0.943663891793638,0.928599034088948
